Date,Close_Price,Volume,Open_Price,High_Price,Low_Price
2025-05-20,458.17,15441810,455.59,458.34,454.3201
2025-05-19,458.87,21336510,450.875,459.585,450.8
2025-05-16,454.27,23849780,452.05,454.36,448.73
2025-05-15,453.13,21992320,450.765,456.19,450.4301
2025-05-14,452.94,19902800,448.14,453.9,448.14
2025-05-13,449.14,23618820,447.78,450.6733,445.36
2025-05-12,449.26,22821940,445.94,449.37,439.78
2025-05-09,438.73,15324230,440,440.74,435.88
2025-05-08,438.17,23491330,437.93,443.67,435.66
2025-05-07,433.35,23307240,433.84,438.12,431.1103
2025-05-06,433.31,15104200,432.2,437.73,431.17
2025-05-05,436.17,20136050,432.87,439.5,432.11
2025-05-02,435.28,30757430,431.74,439.44,429.985
2025-05-01,425.4,58938100,431.11,436.99,424.9
2025-04-30,395.26,36461080,390.3,396.66,384.44
2025-04-29,394.04,14973980,391.3,395.1,390.38
2025-04-28,391.16,16579430,391.955,392.74,386.638
2025-04-25,391.85,18973170,387,392.16,384.6
2025-04-24,387.3,22232290,375.695,388.45,375.19
2025-04-23,374.39,20545530,376.06,380.39,373.02
2025-04-22,366.82,19484990,363.375,367.77,359.8602
2025-04-21,359.12,20807280,362.815,364.48,355.67
2025-04-17,367.78,21120190,373.745,374.3215,366.89
2025-04-16,371.61,21967830,380.67,381.61,368
2025-04-15,385.73,17199890,388.505,391.89,384.1599
2025-04-14,387.81,19251170,393.22,394.65,384.21
2025-04-11,388.45,23839220,380.635,390.05,378.89
2025-04-10,381.35,38024370,382.06,383.9,367.8
2025-04-09,390.49,50199700,353.535,393.225,353.1
2025-04-08,354.56,35868920,368.255,373.65,350.25
2025-04-07,357.86,50425000,350.88,370.9999,344.79
2025-04-04,359.84,49209850,364.125,374.59,359.48
2025-04-03,373.11,30198000,374.785,377.48,369.35
2025-04-02,382.14,16092560,377.965,385.08,376.62
2025-04-01,382.19,19689500,374.65,382.85,373.23
2025-03-31,375.39,35184680,372.535,377.07,367.24
2025-03-28,378.8,21632020,388.08,389.13,376.93
2025-03-27,390.58,13766760,390.13,392.24,387.395
2025-03-26,389.97,16132910,395,395.31,388.57
2025-03-25,395.16,15774970,393.915,396.36,392.64
2025-03-24,393.08,21004550,395.4,395.4,389.81
2025-03-21,391.26,39675930,383.215,391.74,382.8
2025-03-20,386.84,18470540,385.735,391.785,383.28
2025-03-19,387.82,19185530,385.525,389.68,384
2025-03-18,383.52,19486850,387.07,387.37,381.1
2025-03-17,388.7,22474270,386.7,392.705,385.57
2025-03-14,388.56,19952850,379.775,390.23,379.51
2025-03-13,378.77,20473020,383.155,385.32,377.45
2025-03-12,383.27,24253570,382.95,385.2165,378.9507
2025-03-11,380.45,30380180,379,386,376.91
2025-03-10,380.16,32840130,385.84,386.4,377.22
2025-03-07,393.31,22034090,392.32,394.8,385.54
2025-03-06,396.89,23304630,394.28,402.15,392.6777
2025-03-05,401.02,23433130,389.34,401.67,388.81
2025-03-04,388.61,29342920,383.4,392.58,381
2025-03-03,388.49,23007730,398.82,398.82,386.155
2025-02-28,396.99,32845660,392.655,397.63,386.57
2025-02-27,392.53,21127410,401.265,405.74,392.17
2025-02-26,399.73,19618950,398.01,403.6,394.245
2025-02-25,397.9,29387400,401.1,401.915,396.7
2025-02-24,404,26443660,408.51,409.37,399.32
2025-02-21,408.21,27524800,417.335,418.048,407.89
2025-02-20,416.13,23508730,415.29,419.31,412.54
2025-02-19,414.77,24114200,407.88,415.49,407.65
2025-02-18,409.64,21423050,408,410.597,406.5
2025-02-14,408.43,22758460,407.79,408.91,405.88
2025-02-13,410.54,23891730,407,411,406.36
2025-02-12,409.04,19121730,407.21,410.75,404.3673
2025-02-11,411.44,18140590,409.64,412.49,409.3
2025-02-10,412.22,20817920,413.71,415.4624,410.92
2025-02-07,409.75,22886840,416.48,418.65,408.1
2025-02-06,415.82,16309760,414,418.2,414
2025-02-05,413.29,16336190,412.35,413.827,410.4
2025-02-04,412.37,20532100,412.685,413.9199,409.74
2025-02-03,410.92,25679150,411.6,415.41,408.66
2025-01-31,415.06,34223390,418.98,420.69,414.91
2025-01-30,414.99,54586260,418.77,422.86,413.16
2025-01-29,442.33,23581370,446.69,446.88,440.4
2025-01-28,447.2,23491700,434.6,448.38,431.38
2025-01-27,434.56,35647810,424.01,435.2,423.5
2025-01-24,444.06,15549450,445.16,446.65,441.4
2025-01-23,446.71,18389270,442,446.75,441.5048
2025-01-22,446.2,27803810,437.56,447.27,436
2025-01-21,428.5,26085700,430.2,430.8999,425.595
2025-01-17,429.03,26197510,434.085,434.48,428.17
2025-01-16,424.58,15300020,428.695,429.49,424.39
2025-01-15,426.31,19637840,419.13,428.15,418.265
2025-01-14,415.67,16935860,417.81,419.74,410.72
2025-01-13,417.19,17604780,415.235,418.5,412.29
2025-01-10,418.95,20201130,424.63,424.71,415.02
2025-01-08,424.56,15054580,423.46,426.97,421.54
2025-01-07,422.37,18139070,429,430.65,420.8
2025-01-06,427.85,20573650,428,434.32,425.4774
2025-01-03,423.35,16662940,421.08,424.03,419.54
2025-01-02,418.58,16896470,425.53,426.07,414.85
2024-12-31,421.5,13246510,426.1,426.73,420.66
2024-12-30,424.83,13158700,426.06,427.55,421.9
2024-12-27,430.53,18117710,434.6,435.22,426.35
2024-12-26,438.11,8199927,439.08,440.94,436.63
2024-12-24,439.33,7164543,434.65,439.6,434.19
2024-12-23,435.25,19152520,436.74,437.65,432.83
2024-12-20,436.6,64263690,433.11,443.74,428.63
2024-12-19,437.03,22963680,441.62,443.1834,436.32
2024-12-18,437.39,24444550,451.32,452.65,437.02
2024-12-17,454.46,22733490,451.01,455.29,449.57
2024-12-16,451.59,23598830,447.27,452.18,445.28
2024-12-13,447.27,20177830,448.435,451.43,445.58
2024-12-12,449.56,20834780,449.11,456.1648,449.11
2024-12-11,448.99,19200210,444.05,450.35,444.05
2024-12-10,443.33,18469460,444.39,449.62,441.6
2024-12-09,446.02,19144390,442.6,448.33,440.5
2024-12-06,443.57,18821000,442.3,446.1,441.7703
2024-12-05,442.62,21697780,437.92,444.66,436.171
2024-12-04,437.42,26009430,433.03,439.67,432.63
2024-12-03,431.2,18301990,429.84,432.47,427.74
2024-12-02,430.98,20207220,421.57,433,421.31
2024-11-29,423.46,16271920,420.09,424.8849,417.8
2024-11-27,422.99,18332440,425.105,427.2299,422.02
2024-11-26,427.99,23458890,419.585,429.0414,418.85
2024-11-25,418.79,27691090,418.38,421.08,414.85
2024-11-22,417,24814630,411.365,417.4,411.06
2024-11-21,412.87,20780160,419.5,419.78,410.2887
2024-11-20,415.49,19191660,416.87,417.29,410.58
2024-11-19,417.79,18133530,413.11,417.94,411.55
2024-11-18,415.76,24742010,414.87,418.4037,412.1
2024-11-15,415,28247640,419.82,422.8,413.64
2024-11-14,426.89,30246880,425,428.17,420
2024-11-13,425.2,21502190,421.64,429.325,418.21
2024-11-12,423.03,19401200,418.25,424.44,417.2
2024-11-11,418.01,24503320,422.515,424.81,416
2024-11-08,422.54,16891410,425.32,426.5,421.78
2024-11-07,425.43,19901780,421.28,426.85,419.88
2024-11-06,420.18,26681840,412.42,420.45,410.52
2024-11-05,411.46,17626010,408.37,414.9,408.08
2024-11-04,408.46,19672290,409.8,410.415,405.5713
2024-11-01,410.37,24230440,409.01,415.5,407.5
2024-10-31,406.35,53970980,415.36,416.16,406.3
2024-10-30,432.53,29749150,437.435,438.5,432.1
2024-10-29,431.95,17644080,428,433.17,425.8001
2024-10-28,426.59,14882440,431.655,431.94,426.3
2024-10-25,428.15,16899060,426.76,432.52,426.565
2024-10-24,424.73,13581630,425.325,425.9782,422.4
2024-10-23,424.6,19654380,430.855,431.08,422.53
2024-10-22,427.51,25482200,418.49,430.5793,418.04
2024-10-21,418.78,14206120,416.12,418.96,413.7501
2024-10-18,418.16,17145320,417.14,419.65,416.2601
2024-10-17,416.72,14820000,422.36,422.5,415.59
2024-10-16,416.12,15508930,415.17,416.36,410.48
2024-10-15,418.74,18900200,422.18,422.48,415.26
2024-10-14,419.14,16653090,417.77,424.04,417.52
2024-10-11,416.32,14144940,416.135,417.13,413.25
2024-10-10,415.84,13848380,415.225,417.35,413.15
2024-10-09,417.46,14974260,415.86,420.38,414.3
2024-10-08,414.71,19229260,410.9,415.66,408.17
2024-10-07,409.54,20919760,416,417.11,409
2024-10-04,416.06,19190910,418.24,419.75,414.97
2024-10-03,416.54,13686420,417.63,419.55,414.29
2024-10-02,417.13,16582260,422.58,422.82,416.71
2024-10-01,420.69,19092950,428.45,428.48,418.81
2024-09-30,430.3,16854610,428.21,430.42,425.37
2024-09-27,428.02,14896130,431.52,431.85,427.47
2024-09-26,431.31,14492040,435.085,435.3,429.13
2024-09-25,432.11,13396360,429.83,433.119,428.57
2024-09-24,429.17,17015750,433,433.35,426.1
2024-09-23,433.51,15128890,434.28,436.46,430.3889
2024-09-20,435.27,55167110,437.22,439.24,434.22
2024-09-19,438.69,21706560,441.225,441.5,436.9
2024-09-18,430.81,18898040,435,436.03,430.41
2024-09-17,435.15,18874230,440.23,441.85,432.27
2024-09-16,431.34,13834700,430.6,433.53,428.22
2024-09-13,430.59,15874560,425.825,431.83,425.46
2024-09-12,427,17418760,423.31,427.3692,419.75
2024-09-11,423.04,19266920,415.5,423.99,409.58
2024-09-10,414.2,19594290,408.2,416.33,407.7
2024-09-09,405.72,15295130,407.24,408.65,402.15
2024-09-06,401.7,19609530,409.06,410.65,400.8
2024-09-05,408.39,14195520,407.62,413.1,406.13
2024-09-04,408.9,15135810,405.91,411.24,404.37
2024-09-03,409.44,20313600,417.91,419.88,407.03
2024-08-30,417.14,24308320,415.6,417.49,412.13
2024-08-29,413.12,17045240,414.94,422.05,410.6
2024-08-28,410.6,14882660,414.88,415,407.31
2024-08-27,413.84,13492910,412.86,414.36,410.25
2024-08-26,413.49,13152830,416.365,417.2799,411.34
2024-08-23,416.79,18493780,416.98,419.26,412.09
2024-08-22,415.55,19361900,424.36,426.7899,414.61
2024-08-21,424.14,16067300,424.075,426.4,421.72
2024-08-20,424.8,16387580,421.7,425.86,421.64
2024-08-19,421.53,15233960,418.96,421.75,416.46
2024-08-16,418.47,22775590,420.6,421.34,417.3
2024-08-15,421.03,20752140,419.8,421.11,417.66
2024-08-14,416.86,18266980,414.8,417.72,412.4456
2024-08-13,414.01,19414270,409.59,414.95,409.57
2024-08-12,406.81,16762880,407.06,408.76,404.2434
2024-08-09,406.02,19276670,404.03,408.05,402.2624
2024-08-08,402.69,20203030,402.44,405.86,399.9407
2024-08-07,398.43,20650910,408.635,410.08,397.47
2024-08-06,399.61,24946530,400,405.67,398.5
2024-08-05,395.15,40709240,389.17,401.04,385.58
2024-08-02,408.49,29437900,412.49,415,404.34
2024-08-01,417.11,30296400,420.785,427.46,413.0901
2024-07-31,418.35,42891370,420.495,421.775,412.21
2024-07-30,422.92,32687580,427.72,429.05,417.36
2024-07-29,426.73,15125840,431.58,432.15,424.7042
2024-07-26,425.27,23583840,418.2,428.915,417.27
2024-07-25,418.4,29943800,428.8,429.8,417.51
2024-07-24,428.9,26805800,440.45,441.48,427.585
2024-07-23,444.85,13107050,443.895,448.39,443.1
2024-07-22,442.94,15808760,441.79,444.6,438.9125
2024-07-19,437.11,20940420,433.1,441.14,432
2024-07-18,440.37,20794820,444.34,444.65,434.4
2024-07-17,443.52,21754020,442.59,444.85,439.18
2024-07-16,449.52,17175680,454.22,454.3,446.66
2024-07-15,453.96,14429450,453.3,457.26,451.43
2024-07-12,453.55,16324270,454.325,456.36,450.645
2024-07-11,454.7,23111180,462.98,464.78,451.55
2024-07-10,466.25,18196100,461.22,466.46,458.855
2024-07-09,459.54,17228510,467,467.33,458
2024-07-08,466.24,12962320,466.55,467.7,464.46
2024-07-05,467.56,16000290,459.61,468.35,458.965
2024-07-03,460.77,9932830,458.19,461.02,457.88
2024-07-02,459.28,13979780,453.2,459.59,453.113
2024-07-01,456.73,17662820,448.66,457.37,445.66
2024-06-28,446.95,28362270,453.07,455.38,446.41
2024-06-27,452.85,14806320,452.175,456.17,451.77
2024-06-26,452.16,16507030,449,453.6,448.19
2024-06-25,450.95,16747530,448.25,451.42,446.75
2024-06-24,447.67,15913720,449.8,452.75,446.41
2024-06-21,449.78,34486170,447.38,450.58,446.51
2024-06-20,445.7,19877380,446.3,446.53,441.27
2024-06-18,446.34,17112500,449.705,450.14,444.89
2024-06-17,448.37,20790030,442.585,450.94,440.72
2024-06-14,442.57,13581990,438.275,443.1376,436.721
2024-06-13,441.58,15960570,440.85,443.39,439.37
2024-06-12,441.06,22366230,435.32,443.4,433.25
2024-06-11,432.68,14551100,425.475,432.82,425.25
2024-06-10,427.87,14003030,424.7,428.08,423.89
2024-06-07,423.85,13621650,426.2,426.28,423
2024-06-06,424.52,14861250,424.01,425.31,420.58
2024-06-05,424.01,16988040,417.81,424.08,416.3
2024-06-04,416.07,14348920,412.43,416.44,409.675
2024-06-03,413.52,17484680,415.525,416.43,408.9234
2024-05-31,415.13,47995250,416.75,416.75,404.51
2024-05-30,414.67,28424850,424.3,424.3,414.24
2024-05-29,429.17,15517130,425.69,430.94,425.69
2024-05-28,430.32,15718020,429.63,430.82,426.6
2024-05-24,430.16,11855290,427.19,431.055,424.41
2024-05-23,427,17211690,432.97,433.6,425.424
2024-05-22,430.52,18073700,430.09,432.41,427.13
2024-05-21,429.04,21453260,426.825,432.97,424.85
2024-05-20,425.34,16272140,420.21,426.77,419.99
2024-05-17,420.21,15352240,422.54,422.92,418.025
2024-05-16,420.99,17530050,421.8,425.42,420.35
2024-05-15,423.08,22239530,417.9,423.81,417.27
2024-05-14,416.56,15109310,412.02,417.49,411.55
2024-05-13,413.72,15440230,418.01,418.348,410.82
2024-05-10,414.74,13402280,412.935,415.38,411.8
2024-05-09,412.32,14689730,410.57,412.72,409.1
2024-05-08,410.54,11792310,408.17,412.23,406.7132
2024-05-07,409.34,20018230,414.66,414.67,409.09
2024-05-06,413.54,16996640,408.76,413.93,406.3701
2024-05-03,406.66,17446720,402.28,407.15,401.86
2024-05-02,397.84,17709360,397.66,399.93,394.6515
2024-05-01,394.94,23562480,392.61,401.7199,390.31
2024-04-30,389.33,28781370,401.49,402.16,389.17
2024-04-29,402.25,19582090,405.25,406.32,399.19
2024-04-26,406.32,29694650,412.17,413,405.7601
2024-04-25,399.04,40586450,394.03,399.8899,388.03
2024-04-24,409.06,15065330,409.56,412.47,406.78
2024-04-23,407.57,15734500,404.235,408.2,403.06
2024-04-22,400.96,20286880,400.08,402.85,395.75
2024-04-19,399.12,30565790,404.03,405.48,397.77
2024-04-18,404.27,21029920,410.63,411.89,403.95
2024-04-17,411.84,15855490,417.25,418.88,410.33
2024-04-16,414.58,16765620,414.57,418.4,413.7301
2024-04-15,413.64,20273540,426.6,426.82,413.43
2024-04-12,421.9,19253750,424.05,425.1794,419.77
2024-04-11,427.93,17966420,425.82,429.37,422.36
2024-04-10,423.26,16216580,422.19,424.03,419.7
2024-04-09,426.28,12512290,426.44,427.74,421.62
2024-04-08,424.59,14272390,425.17,427.28,423.3
2024-04-05,425.52,16554760,420.01,426.51,418.32
2024-04-04,417.88,19370880,424.99,428.67,417.57
2024-04-03,420.45,16502260,419.73,423.26,419.085
2024-04-02,421.44,17911990,420.11,422.38,417.84
2024-04-01,424.57,16315960,423.95,427.89,422.22
2024-03-28,420.72,21871160,420.96,421.87,419.12
2024-03-27,421.43,16704980,424.44,424.45,419.01
2024-03-26,421.65,16725650,425.61,425.99,421.35
2024-03-25,422.86,18060450,425.24,427.41,421.61
2024-03-22,428.74,17648470,429.7,429.86,426.07
2024-03-21,429.37,21296220,429.83,430.82,427.16
2024-03-20,425.23,17860090,422,425.96,420.66
2024-03-19,421.41,19837920,417.83,421.6656,415.55
2024-03-18,417.32,20105980,414.25,420.73,413.78
2024-03-15,416.42,45079900,419.29,422.6,412.79
2024-03-14,425.22,34157300,420.24,427.82,417.99
2024-03-13,415.1,17115930,418.1,418.18,411.45
2024-03-12,415.28,22457000,407.62,415.57,406.79
2024-03-11,404.52,16120750,403.762,405.68,401.26
2024-03-08,406.22,18002190,407.96,410.42,404.33
2024-03-07,409.14,18718480,406.12,409.78,402.24
2024-03-06,402.09,22344150,402.97,405.16,398.39
2024-03-05,402.65,26919180,413.96,414.25,400.64
2024-03-04,414.92,17595960,413.44,417.35,412.32
2024-03-01,415.5,17823450,411.27,415.87,410.88
2024-02-29,413.64,31947260,408.64,414.2,405.92
2024-02-28,407.72,13183130,408.175,409.3,405.3201
2024-02-27,407.48,14835830,407.99,408.32,403.85
2024-02-26,407.54,16193510,411.455,412.16,407.36
2024-02-23,410.34,16295880,415.67,415.86,408.97
2024-02-22,411.65,27009870,410.19,412.83,408.57
2024-02-21,402.18,18631070,400.17,402.29,397.22
2024-02-20,402.79,24307920,403.24,404.49,398.01
2024-02-16,404.06,22296500,407.96,408.29,403.44
2024-02-15,406.56,21825530,408.14,409.13,404.29
2024-02-14,409.49,20401190,408.07,409.84,404.57
2024-02-13,406.32,27824940,404.94,410.071,403.39
2024-02-12,415.26,21202920,420.555,420.74,414.75
2024-02-09,420.55,22032840,415.25,420.82,415.09
2024-02-08,414.11,21225260,414.05,415.56,412.53
2024-02-07,414.05,22340530,407.44,414.3,407.4
2024-02-06,405.49,18382620,405.88,407.97,402.91
2024-02-05,405.65,25352290,409.9,411.16,403.99
2024-02-02,411.22,28256670,403.81,412.65,403.56
2024-02-01,403.78,30657730,401.83,408,401.8
2024-01-31,397.58,47871100,406.96,415.32,397.21
2024-01-30,408.59,33477610,412.26,413.05,406.4501
2024-01-29,409.72,24510240,406.06,409.98,404.33
2024-01-26,403.93,17803270,404.37,406.17,402.43
2024-01-25,404.87,21021160,404.32,407.01,402.5294
2024-01-24,402.56,24866950,401.54,405.63,400.45
2024-01-23,398.9,20525880,395.75,399.38,393.93
2024-01-22,396.51,27016900,400.02,400.62,393.59
2024-01-19,398.67,29331140,395.76,398.67,393.5
2024-01-18,393.87,23392070,391.72,393.99,390.12
2024-01-17,389.47,22234110,387.98,390.11,384.81
2024-01-16,390.27,27202270,393.66,394.03,387.6229
2024-01-12,388.47,21661150,385.49,388.68,384.65
2024-01-11,384.63,27850850,386,390.68,380.38
2024-01-10,382.77,25514250,376.37,384.17,376.32
2024-01-09,375.79,20829950,372.01,375.99,371.19
2024-01-08,374.69,23133970,369.3,375.2,369.01
2024-01-05,367.75,21004580,368.97,372.06,366.5
2024-01-04,367.94,20901500,370.665,373.1,367.17
2024-01-03,370.6,23083470,369.01,373.2562,368.51
2024-01-02,370.87,25258630,373.86,375.9,366.771
2023-12-29,376.04,18730840,376,377.16,373.48
2023-12-28,375.28,14327010,375.37,376.458,374.16
2023-12-27,374.07,14905410,373.69,375.06,372.8116
2023-12-26,374.66,12673050,375,376.94,373.5
2023-12-22,374.58,17107480,373.68,375.18,372.71
2023-12-21,373.54,17708010,372.56,374.41,370.04
2023-12-20,370.62,26316650,375,376.03,370.53
2023-12-19,373.26,20603660,371.49,373.26,369.84
2023-12-18,372.65,21802880,369.45,373,368.68
2023-12-15,370.73,78502320,366.85,372.4,366.28
2023-12-14,365.93,43277460,373.31,373.76,364.13
2023-12-13,374.37,30955530,376.02,377.6361,370.77
2023-12-12,374.38,24838250,370.85,374.42,370.46
2023-12-11,371.3,27708760,368.48,371.6,366.1
2023-12-08,374.23,20154370,369.2,374.46,368.23
2023-12-07,370.95,23118860,368.23,371.4527,366.32
2023-12-06,368.8,21182070,373.54,374.18,368.03
2023-12-05,372.52,23065040,366.45,373.075,365.621
2023-12-04,369.14,32063310,369.1,369.52,362.9
2023-12-01,374.51,33040470,376.76,378.16,371.31
2023-11-30,378.91,30554420,378.49,380.09,375.47
2023-11-29,378.85,28963400,383.76,384.3,377.44
2023-11-28,382.7,20453110,378.35,383,378.16
2023-11-27,378.61,22179230,376.78,380.64,376.2
2023-11-24,377.43,10176650,377.33,377.97,375.135
2023-11-22,377.85,23361180,378,379.7899,374.965
2023-11-21,373.07,28423150,375.67,376.2215,371.12
2023-11-20,377.44,52528960,371.22,378.87,371
2023-11-17,369.85,40325370,373.61,374.37,367
2023-11-16,376.17,27182320,370.96,376.35,370.18
2023-11-15,369.67,26860100,371.28,373.13,367.11
2023-11-14,370.27,27683860,371.01,371.95,367.3454
2023-11-13,366.68,19986510,368.22,368.47,365.9
2023-11-10,369.67,28065160,361.49,370.1,361.07
2023-11-09,360.69,24847330,362.3,364.79,360.362
2023-11-08,363.2,26767830,361.68,363.87,360.55
2023-11-07,360.53,25833930,359.4,362.46,357.63
2023-11-06,356.53,23828300,353.45,357.54,353.35
2023-11-03,352.8,23637670,349.63,354.39,347.33
2023-11-02,348.32,24348070,347.24,348.83,344.77
2023-11-01,346.07,28158820,339.79,347.42,339.65
2023-10-31,338.11,20265280,338.85,339,334.69
2023-10-30,337.31,22828080,333.41,339.45,331.83
2023-10-27,329.81,29856520,330.425,336.72,328.4007
2023-10-26,327.89,37828540,340.54,341.63,326.94
2023-10-25,340.67,55053830,345.02,346.2,337.62
2023-10-24,330.53,31153570,331.3,331.84,327.6
2023-10-23,329.32,24374750,325.47,332.725,324.39
2023-10-20,326.67,25027720,331.72,331.92,325.45
2023-10-19,331.32,25052070,332.15,336.88,330.91
2023-10-18,330.11,23153600,332.49,335.59,328.3
2023-10-17,332.06,18338520,329.59,333.46,327.41
2023-10-16,332.64,22158050,331.05,336.14,330.6
2023-10-13,327.73,21085700,332.38,333.83,326.36
2023-10-12,331.16,19313100,330.565,333.6299,328.72
2023-10-11,332.42,20063250,331.21,332.82,329.14
2023-10-10,328.39,20557090,330.96,331.1,327.67
2023-10-09,329.82,19891180,324.75,330.3,323.18
2023-10-06,327.26,25673630,316.55,329.19,316.3
2023-10-05,319.36,16965630,319.09,319.98,314.9
2023-10-04,318.955,20720140,314.03,320.04,314
2023-10-03,313.39,21033490,320.83,321.39,311.215
2023-10-02,321.8,20570010,316.28,321.888,315.18
2023-09-29,315.75,24147300,317.75,319.47,314.98
2023-09-28,313.64,19683560,310.99,315.48,309.45
2023-09-27,312.79,19410080,312.3,314.299,309.69
2023-09-26,312.14,26297570,315.13,315.88,310.02
2023-09-25,317.54,17835960,316.59,317.67,315
2023-09-22,317.01,21447890,321.32,321.45,316.15
2023-09-21,319.53,35560360,319.26,325.3499,315
2023-09-20,320.77,21436530,329.51,329.59,320.51
2023-09-19,328.65,16514490,326.17,329.39,324.51
2023-09-18,329.06,16834210,327.8,330.4,326.36
2023-09-15,330.22,37679790,336.92,337.3975,329.65
2023-09-14,338.7,20267050,339.148,340.86,336.57
2023-09-13,336.06,16544410,331.31,336.85,331.17
2023-09-12,331.77,17565480,335.815,336.79,331.48
2023-09-11,337.94,16583320,337.24,338.42,335.43
2023-09-08,334.27,19548170,330.09,336.16,329.46
2023-09-07,329.91,18381000,331.29,333.08,329.03
2023-09-06,332.88,17535770,333.38,334.46,330.18
2023-09-05,333.55,18553860,329,334.85,328.66
2023-09-01,328.66,14942020,331.31,331.99,326.78
2023-08-31,327.76,26410950,329.2,330.9099,326.78
2023-08-30,328.79,15222110,328.67,329.81,326.445
2023-08-29,328.41,19284590,321.88,328.9835,321.88
2023-08-28,323.7,14808480,325.66,326.15,321.722
2023-08-25,322.98,21684100,321.47,325.36,318.8001
2023-08-24,319.97,23281430,332.85,332.98,319.96
2023-08-23,327,21166380,323.82,329.2,323.46
2023-08-22,322.46,16102020,325.5,326.075,321.46
2023-08-21,321.88,24039960,317.93,322.77,317.04
2023-08-18,316.48,24755010,314.49,318.38,311.5508
2023-08-17,316.88,21257160,320.54,321.87,316.21
2023-08-16,320.4,20698860,320.8,324.42,319.8035
2023-08-15,321.86,16966290,323,325.09,320.9034
2023-08-14,324.04,18836140,321.39,324.06,320.08
2023-08-11,321.01,24355490,320.26,322.41,319.21
2023-08-10,322.93,20113730,326.015,328.26,321.18
2023-08-09,322.23,22373270,326.47,327.11,321.0499
2023-08-08,326.05,22327570,326.96,328.75,323
2023-08-07,330.11,17741530,328.37,331.11,327.52
2023-08-04,327.78,23741480,331.88,335.14,327.24
2023-08-03,326.66,18360350,326,329.88,325.95
2023-08-02,327.5,27761260,333.63,333.63,326.3551
2023-08-01,336.34,18381250,335.19,338.54,333.7
2023-07-31,335.92,25446020,336.92,337.695,333.36
2023-07-28,338.37,28484870,333.67,340.01,333.17
2023-07-27,330.72,39635260,340.48,341.33,329.05
2023-07-26,337.77,58383700,341.44,344.67,333.11
2023-07-25,350.98,41637740,347.11,351.89,345.07
2023-07-24,345.11,26719210,345.85,346.92,342.31
2023-07-21,343.77,69405380,349.15,350.3,339.83
2023-07-20,346.87,33778400,353.57,357.97,345.37
2023-07-19,355.08,39732900,361.75,362.46,352.435
2023-07-18,359.49,64872710,345.83,366.78,342.17
2023-07-17,345.73,20363930,345.678,346.99,342.2
2023-07-14,345.24,28352730,347.59,351.43,344.31
2023-07-13,342.66,20567160,339.56,343.74,339.02
2023-07-12,337.2,29995260,336.6,341.652,335.67
2023-07-11,332.47,26698220,331.06,332.86,327
2023-07-10,331.83,32791450,334.6,335.23,327.59
2023-07-07,337.22,21214820,339.32,341.79,337
2023-07-06,341.27,28195530,337.3,342.99,335.5
2023-07-05,338.15,18172380,335.09,341.65,334.7276
2023-07-03,337.99,12484240,339.19,340.9,336.571
2023-06-30,340.54,26832760,337.75,342.73,337.2
2023-06-29,335.05,16997040,334.71,336.11,332.62
2023-06-28,335.85,20259520,334.66,337.98,333.81
2023-06-27,334.57,24354110,331.86,336.15,329.3
2023-06-26,328.6,21520580,333.72,336.11,328.49
2023-06-23,335.02,23146900,334.36,337.96,333.45
2023-06-22,339.71,23556760,334.12,340.12,333.34
2023-06-21,333.56,25117800,336.37,337.73,332.07
2023-06-20,338.05,26375410,339.31,342.08,335.86
2023-06-16,342.33,46551990,351.32,351.47,341.95
2023-06-15,348.1,38899080,337.48,349.84,337.2
2023-06-14,337.34,26003790,334.34,339.04,332.81
2023-06-13,334.29,22951280,334.465,336.98,330.39
2023-06-12,331.85,24306750,328.58,332.0999,325.16
2023-06-09,326.79,22528950,324.99,329.99,324.41
2023-06-08,325.26,23277710,323.935,326.64,323.35
2023-06-07,323.38,40717130,331.65,334.49,322.5
2023-06-06,333.68,20396220,335.33,335.37,332.17
2023-06-05,335.94,21307050,335.22,338.5599,334.6601
2023-06-02,335.4,25873770,334.247,337.5,332.55
2023-06-01,332.58,26773850,325.93,333.53,324.72
2023-05-31,328.39,45950550,332.29,335.94,327.33
2023-05-30,331.21,29503070,335.23,335.74,330.52
2023-05-26,332.89,36630630,324.02,333.4,323.88
2023-05-25,325.92,43301740,323.24,326.9,320
2023-05-24,313.85,23384890,314.73,316.5,312.61
2023-05-23,315.26,30797170,320.03,322.72,315.25
2023-05-22,321.18,24115660,318.6,322.59,318.01
2023-05-19,318.34,27546700,316.74,318.75,316.37
2023-05-18,318.52,27275990,314.53,319.04,313.72
2023-05-17,314,24315010,312.29,314.43,310.74
2023-05-16,311.74,26730350,309.83,313.71,309.83
2023-05-15,309.46,16336550,309.095,309.905,307.59
2023-05-12,308.97,19774700,310.55,310.65,306.6
2023-05-11,310.11,31680180,310.1,311.12,306.2601
2023-05-10,312.31,30078040,308.62,313,307.67
2023-05-09,307,21340830,308,310.04,306.31
2023-05-08,308.65,21318610,310.13,310.2,306.09
2023-05-05,310.65,28197050,305.72,311.97,304.27
2023-05-04,305.41,22519910,306.24,307.7626,303.4
2023-05-03,304.4,22360750,306.62,308.61,304.09
2023-05-02,305.41,26404430,307.76,309.18,303.91
2023-05-01,305.56,21294120,306.97,308.6,305.15
2023-04-28,307.26,36469610,304.01,308.93,303.31
2023-04-27,304.83,46462640,295.97,305.2,295.25
2023-04-26,295.37,64599180,296.7,299.57,292.73
2023-04-25,275.42,45772240,279.51,281.6,275.37
2023-04-24,281.77,26611010,282.09,284.95,278.72
2023-04-21,285.76,21676390,285.01,286.27,283.0608
2023-04-20,286.11,23244360,285.25,289.03,285.08
2023-04-19,288.45,17150270,285.99,289.05,284.54
2023-04-18,288.37,20161850,291.57,291.755,287.01
2023-04-17,288.8,23836220,289.93,291.6,286.16
2023-04-14,286.14,20987920,287,288.48,283.69
2023-04-13,289.84,24222680,283.59,289.9,283.17
2023-04-12,283.49,27403430,284.79,287.01,281.96
2023-04-11,282.83,27276590,285.75,285.98,281.64
2023-04-10,289.39,23102990,289.208,289.6,284.71
2023-04-06,291.6,29770330,283.21,292.08,282.03
2023-04-05,284.34,22064770,285.85,287.15,282.92
2023-04-04,287.18,25824300,287.23,290.4499,285.67
2023-04-03,287.23,24883340,286.52,288.27,283.95
2023-03-31,288.3,32765980,283.73,289.27,283
2023-03-30,284.05,25053410,284.23,284.46,281.48
2023-03-29,280.51,25087030,278.96,281.1398,278.41
2023-03-28,275.23,21878650,275.79,276.14,272.0451
2023-03-27,276.38,26840210,280.5,281.4589,275.52
2023-03-24,280.57,28199960,277.24,280.63,275.28
2023-03-23,277.66,36610880,277.94,281.06,275.2
2023-03-22,272.29,34873330,273.4,281.04,272.18
2023-03-21,273.78,34558700,274.88,275,269.5191
2023-03-20,272.23,43466650,276.98,277.48,269.85
2023-03-17,279.43,69527370,278.26,283.33,276.3201
2023-03-16,276.2,54832140,265.205,276.56,263.28
2023-03-15,265.44,46028050,259.98,266.48,259.21
2023-03-14,260.79,33620290,256.75,261.07,255.86
2023-03-13,253.92,33339720,247.4,257.91,245.73
2023-03-10,248.59,28333930,251.08,252.79,247.6
2023-03-09,252.32,26653390,255.82,259.56,251.58
2023-03-08,253.7,17340220,254.04,254.5417,250.81
2023-03-07,254.15,21473180,256.3,257.69,253.39
2023-03-06,256.87,24109850,256.425,260.12,255.98
2023-03-03,255.29,30760140,252.19,255.62,251.39
2023-03-02,251.11,24833650,246.55,251.4,245.61
2023-03-01,246.27,27565260,250.76,250.93,245.79
2023-02-28,249.42,22490950,249.07,251.49,248.73
2023-02-27,250.16,21190040,252.46,252.82,249.39
2023-02-24,249.22,24990910,249.96,251,248.1
2023-02-23,254.77,29219100,255.56,256.84,250.48
2023-02-22,251.51,22491060,254.09,254.34,250.34
2023-02-21,252.67,28397440,254.48,255.49,251.59
2023-02-17,258.06,30000060,259.39,260.09,256
2023-02-16,262.15,29603620,264.02,266.74,261.9
2023-02-15,269.32,28962160,268.32,270.73,266.18
2023-02-14,272.17,37047920,272.67,274.97,269.28
2023-02-13,271.32,44630920,267.64,274.6,267.15
2023-02-10,263.1,25818490,261.53,264.09,260.662
2023-02-09,263.62,42375100,273.8,273.98,262.8
2023-02-08,266.73,54686050,273.2,276.76,266.21
2023-02-07,267.56,50841370,260.53,268.775,260.08
2023-02-06,256.77,22518000,257.44,258.3,254.78
2023-02-03,258.35,29077260,259.542,264.2,257.1
2023-02-02,264.6,39940440,258.82,264.69,257.25
2023-02-01,252.75,31259910,248,255.18,245.47
2023-01-31,247.81,26541070,243.45,247.95,242.945
2023-01-30,242.71,25867370,244.51,245.6,242.2
2023-01-27,248.16,26498940,248.99,249.83,246.83
2023-01-26,248,33454490,243.65,248.31,242
2023-01-25,240.61,66526640,234.48,243.3,230.9
2023-01-24,242.04,40234440,242.5,243.95,240.44
2023-01-23,242.58,31933950,241.1,245.165,239.65
2023-01-20,240.22,35389810,234.855,240.74,234.51
2023-01-19,231.93,28623030,233.78,235.52,230.68
2023-01-18,235.81,30028690,241.565,242.38,235.52
2023-01-17,240.35,29831260,237.97,240.91,237.09
2023-01-13,239.23,21333270,237.002,239.37,234.92
2023-01-12,238.51,27269490,235.26,239.9,233.56
2023-01-11,235.77,28669330,231.29,235.95,231.11
2023-01-10,228.85,27033880,227.755,231.31,227.33
2023-01-09,227.12,27369780,226.45,231.2366,226.41
2023-01-06,224.93,43613570,223,225.7601,219.35
2023-01-05,222.31,39585620,227.2,227.55,221.7602
2023-01-04,229.1,50623390,232.275,232.87,225.96
2023-01-03,239.58,25740040,243.08,245.75,237.4
2022-12-30,239.82,21938470,238.21,239.96,236.66
2022-12-29,241.01,19770690,235.65,241.92,235.65
2022-12-28,234.53,17457100,236.89,239.72,234.17
2022-12-27,236.96,16688650,238.7,238.93,235.83
2022-12-23,238.73,21206980,236.11,238.87,233.9428
2022-12-22,238.19,28651660,241.255,241.99,233.87
2022-12-21,244.43,23690610,241.69,245.615,240.11
2022-12-20,241.8,25150800,239.4,242.91,238.42
2022-12-19,240.45,29696440,244.86,245.21,238.71
2022-12-16,244.69,86101990,248.55,249.84,243.51
2022-12-15,249.01,35568090,253.72,254.2,247.34
2022-12-14,257.22,35410930,257.13,262.588,254.31
2022-12-13,256.92,42196880,261.69,263.915,253.07
2022-12-12,252.51,30665070,247.445,252.54,247.17
2022-12-09,245.42,20609740,244.695,248.31,244.16
2022-12-08,247.4,22611760,244.84,248.74,243.06
2022-12-07,244.37,20481520,244.83,246.16,242.205
2022-12-06,245.12,22463730,250.82,251.86,243.78
2022-12-05,250.2,23435290,252.01,253.819,248.06
2022-12-02,255.02,21528520,249.82,256.06,249.69
2022-12-01,254.69,26041520,253.87,256.12,250.9156
2022-11-30,255.14,47594240,240.57,255.33,239.86
2022-11-29,240.33,17956310,241.4,242.79,238.21
2022-11-28,241.76,24810270,246.08,246.65,240.8
2022-11-25,247.49,9200772,247.31,248.7,246.73
2022-11-23,247.58,19508460,245.105,248.28,244.27
2022-11-22,245.03,19665700,243.59,245.31,240.71
2022-11-21,242.05,26394700,241.43,244.67,241.19
2022-11-18,241.22,27613520,243.51,243.74,239.03
2022-11-17,241.68,23123540,237.78,243.25,237.63
2022-11-16,241.73,24093270,242.79,243.8,240.42
2022-11-15,241.97,31390120,245.66,247,240.03
2022-11-14,241.55,31123340,241.985,243.91,239.21
2022-11-11,247.11,34620250,242.99,247.99,241.93
2022-11-10,242.98,46268020,235.43,243.33,235
2022-11-09,224.51,27852910,227.37,228.6327,224.33
2022-11-08,228.87,28192550,228.7,231.65,225.84
2022-11-07,227.87,33497980,221.99,228.41,221.28
2022-11-04,221.39,36789060,217.55,221.59,213.431
2022-11-03,214.25,36633920,220.09,220.41,213.98
2022-11-02,220.1,38407010,229.46,231.3,220.04
2022-11-01,228.17,30592270,234.6,235.74,227.325
2022-10-31,232.13,28357270,233.76,234.92,231.15
2022-10-28,235.87,40647720,226.24,236.6,226.05
2022-10-27,226.75,40424650,231.04,233.69,225.78
2022-10-26,231.32,82684850,231.17,238.3,230.06
2022-10-25,250.66,34775510,247.26,251.04,245.83
2022-10-24,247.25,24911210,243.76,247.84,241.295
2022-10-21,242.12,26299730,234.74,243,234.5
2022-10-20,236.15,21811020,235.77,241.31,234.87
2022-10-19,236.48,19985700,237.04,239.61,234.29
2022-10-18,238.5,26329590,243.24,243.93,235.37
2022-10-17,237.53,28142270,235.82,238.96,235.135
2022-10-14,228.56,30198590,235.54,237.24,228.34
2022-10-13,234.24,42551820,219.85,236.1,219.13
2022-10-12,225.75,21903940,225.4,227.86,223.96
2022-10-11,225.41,30473950,227.62,229.06,224.11
2022-10-10,229.25,29743610,233.05,234.559,226.73
2022-10-07,234.24,37769600,240.902,241.32,233.17
2022-10-06,246.79,20239890,247.93,250.34,246.08
2022-10-05,249.2,20347140,245.99,250.58,244.1
2022-10-04,248.88,34888420,245.09,250.36,244.975
2022-10-03,240.74,28880360,235.41,241.61,234.66
2022-09-30,232.9,35694830,238.29,240.54,232.73
2022-09-29,237.5,27484230,238.89,239.95,234.41
2022-09-28,241.07,29029680,236.81,242.33,234.73
2022-09-27,236.41,27018730,239.98,241.8,234.5
2022-09-26,237.45,27694190,237.045,241.45,236.9
2022-09-23,237.92,34176050,239.54,241.13,235.2
2022-09-22,240.98,31061160,237.87,243.86,237.57
2022-09-21,238.95,28625560,244.27,247.66,238.9
2022-09-20,242.45,26660300,242.065,243.51,239.64
2022-09-19,244.52,26826930,242.465,245.14,240.85
2022-09-16,244.74,39791770,244.26,245.3,242.0627
2022-09-15,245.38,31530950,249.77,251.4,244.02
2022-09-14,252.22,23912950,253.53,254.23,249.86
2022-09-13,251.99,33353320,258.84,260.4,251.59
2022-09-12,266.65,18747690,265.78,267.45,265.16
2022-09-09,264.46,22093190,260.5,265.23,260.29
2022-09-08,258.52,20319910,257.51,260.43,254.79
2022-09-07,258.09,24126700,254.7,258.83,253.22
2022-09-06,253.25,21328240,256.2,257.83,251.94
2022-09-02,256.06,22855380,261.695,264.74,254.47
2022-09-01,260.4,23263430,258.87,260.89,255.41
2022-08-31,261.47,24791830,265.39,267.11,261.33
2022-08-30,262.97,22767070,266.67,267.05,260.66
2022-08-29,265.23,20338540,265.85,267.4,263.85
2022-08-26,268.09,27549310,279.08,280.34,267.98
2022-08-25,278.85,16583410,277.33,279.02,274.52
2022-08-24,275.79,18137020,275.41,277.23,275.11
2022-08-23,276.44,17527410,276.44,278.86,275.4
2022-08-22,277.75,25061070,282.08,282.46,277.22
2022-08-19,286.15,20570030,288.9,289.25,285.56
2022-08-18,290.17,17186190,290.189,291.91,289.08
2022-08-17,291.32,18253360,289.74,293.35,289.47
2022-08-16,292.71,18102880,291.99,294.04,290.42
2022-08-15,293.47,18085650,291,294.18,290.11
2022-08-12,291.91,22619680,288.48,291.91,286.94
2022-08-11,287.02,20065940,290.85,291.21,286.51
2022-08-10,289.16,24687850,288.17,289.81,286.94
2022-08-09,282.3,23405240,279.64,283.08,277.61
2022-08-08,280.32,18757820,284.05,285.92,279.32
2022-08-05,282.91,16774610,279.15,283.65,278.68
2022-08-04,283.65,18098670,281.8,283.8,280.1677
2022-08-03,282.47,23518870,276.76,283.5,276.61
2022-08-02,274.82,22754180,276,277.89,272.38
2022-08-01,278.01,21539580,277.82,281.28,275.84
2022-07-29,280.74,32152750,277.7,282,276.63
2022-07-28,276.41,33459330,269.75,277.84,267.87
2022-07-27,268.74,45994050,261.16,270.05,258.85
2022-07-26,251.9,39347960,259.86,259.88,249.57
2022-07-25,258.83,21056000,260.995,261.5,256.81
2022-07-22,260.36,21881290,265.24,265.33,259.07
2022-07-21,264.84,22404680,259.79,264.89,257.03
2022-07-20,262.27,22788280,259.9,264.87,258.91
2022-07-19,259.53,25012560,257.575,259.72,253.68
2022-07-18,254.25,20975030,259.75,260.84,253.3
2022-07-15,256.72,29774050,255.72,260.3699,254.7727
2022-07-14,254.08,25102820,250.57,255.1374,245.94
2022-07-13,252.72,29497420,250.19,253.55,248.11
2022-07-12,253.67,35868450,265.88,265.94,252.04
2022-07-11,264.51,19519110,265.65,266.53,262.18
2022-07-08,267.66,19658750,264.79,268.1,263.285
2022-07-07,268.4,20859870,265.12,269.055,265.02
2022-07-06,266.21,23824420,263.75,267.99,262.4
2022-07-05,262.85,22971630,256.16,262.98,254.74
2022-07-01,259.58,22837690,256.39,259.77,254.61
2022-06-30,256.83,31730870,257.05,259.53,252.9
2022-06-29,260.26,20069840,257.59,261.97,255.76
2022-06-28,256.48,27380250,263.98,266.91,256.32
2022-06-27,264.89,24615110,268.205,268.3,263.28
2022-06-24,267.7,33923230,261.808,267.98,261.72
2022-06-23,258.86,25861450,255.57,259.37,253.63
2022-06-22,253.13,25961220,251.89,257.17,250.37
2022-06-21,253.74,29928300,250.255,254.75,249.51
2022-06-17,247.65,43084780,244.7,250.5,244.03
2022-06-16,244.97,33169160,245.98,247.4174,243.02
2022-06-15,251.76,33111730,248.31,255.3,246.42
2022-06-14,244.49,28651490,243.86,245.74,241.51
2022-06-13,242.26,46135790,245.11,249.0242,241.53
2022-06-10,252.99,31445840,260.58,260.58,252.53
2022-06-09,264.79,26439730,267.78,272.7081,264.63
2022-06-08,270.41,17372340,271.71,273,269.61
2022-06-07,272.5,22860680,266.635,273.13,265.94
2022-06-06,268.75,22400340,272.06,274.18,267.22
2022-06-03,270.02,28058960,270.31,273.45,268.41
2022-06-02,274.58,44008210,264.45,274.65,261.6
2022-06-01,272.42,25292170,275.195,277.69,270.04
2022-05-31,271.87,37827700,272.53,274.77,268.93
2022-05-27,273.24,26910810,268.48,273.34,267.56
2022-05-26,265.9,25002110,262.27,267.11,261.4294
2022-05-25,262.52,28547950,258.14,264.58,257.125
2022-05-24,259.62,29043900,257.89,261.33,253.5
2022-05-23,260.65,33175380,255.49,261.5,253.43
2022-05-20,252.56,39199280,257.24,258.54,246.44
2022-05-19,253.14,32692290,253.9,257.67,251.88
2022-05-18,254.08,31355990,263,263.6,252.77
2022-05-17,266.82,28828800,266.11,268.33,262.46
2022-05-16,261.5,32550930,259.955,265.82,255.78
2022-05-13,261.12,34925090,257.35,263.04,255.35
2022-05-12,255.35,51033800,257.69,259.88,250.02
2022-05-11,260.55,48975900,265.68,271.36,259.3
2022-05-10,269.5,39336420,271.69,273.75,265.07
2022-05-09,264.58,47725950,270.06,272.36,263.32
2022-05-06,274.73,37780320,274.805,279.25,271.27
2022-05-05,277.35,43260390,285.54,286.35,274.34
2022-05-04,289.98,33599320,282.59,290.88,276.73
2022-05-03,281.78,25978610,283.96,284.13,280.15
2022-05-02,284.47,35151110,277.71,284.94,276.22
2022-04-29,277.52,37073920,288.61,289.88,276.5
2022-04-28,289.63,33646570,285.185,290.98,281.4562
2022-04-27,283.22,63477690,282.1,290.97,279.16
2022-04-26,270.22,46518450,277.5,278.3599,270
2022-04-25,280.72,35678850,273.29,281.11,270.77
2022-04-22,274.03,29405800,281.68,283.2,273.38
2022-04-21,280.81,29454590,288.58,293.3,280.06
2022-04-20,286.36,22906670,289.4,289.7,285.3702
2022-04-19,285.3,22297720,279.38,286.17,278.41
2022-04-18,280.52,20778000,278.91,282.46,278.34
2022-04-14,279.83,28221610,288.09,288.305,279.32
2022-04-13,287.62,21907180,282.73,288.58,281.3
2022-04-12,282.06,30966720,289.235,290.739,280.49
2022-04-11,285.26,34569260,291.79,292.61,285
2022-04-08,296.97,24361920,300.44,301.12,296.28
2022-04-07,301.37,31411160,296.66,303.65,296.35
2022-04-06,299.5,40110370,305.19,307,296.71
2022-04-05,310.88,23156720,313.27,314.865,309.87
2022-04-04,314.97,24335870,310.09,315.11,309.71
2022-04-01,309.42,27110530,309.37,310.13,305.54
2022-03-31,308.31,33422070,313.9,315.14,307.89
2022-03-30,313.86,28163560,313.76,315.95,311.58
2022-03-29,315.41,30393400,313.91,315.82,309.05
2022-03-28,310.7,29578190,304.33,310.8,304.33
2022-03-25,303.68,22566450,305.23,305.5,299.2855
2022-03-24,304.1,24484460,299.14,304.2,298.315
2022-03-23,299.49,25715380,300.51,303.23,297.7201
2022-03-22,304.06,27599690,299.8,305,298.77
2022-03-21,299.16,28351250,298.89,300.14,294.9
2022-03-18,300.43,43390630,295.37,301,292.73
2022-03-17,295.22,30816630,293.29,295.61,289.37
2022-03-16,294.39,37826330,289.11,294.57,283.2
2022-03-15,287.15,34245090,280.35,287.82,278.725
2022-03-14,276.44,30660750,280.34,285.3992,275.82
2022-03-11,280.07,27209330,287.96,289.51,279.43
2022-03-10,285.59,30628010,283.02,286.6,280.58
2022-03-09,288.5,35204480,283.44,289.6,280.78
2022-03-08,275.85,48159480,277.8,283.96,270
2022-03-07,278.91,43157180,288.53,289.69,278.53
2022-03-04,289.86,32369660,294.29,295.66,287.165
2022-03-03,295.92,27314470,302.89,303.13,294.05
2022-03-02,300.19,31873010,295.36,301.47,293.698
2022-03-01,294.95,31217780,296.4,299.97,292.15
2022-02-28,298.79,34627460,294.31,299.14,293
2022-02-25,297.31,32546720,295.14,297.63,291.655
2022-02-24,294.59,56989690,272.51,295.16,271.52
2022-02-23,280.27,37811170,290.18,291.7,280.1
2022-02-22,287.72,41736120,285,291.54,284.5
2022-02-18,287.93,34264010,293.05,293.86,286.305
2022-02-17,290.73,32461580,296.36,296.8,290
2022-02-16,299.5,29982120,298.365,300.87,293.68
2022-02-15,300.47,27379490,300.008,300.8,297.02
2022-02-14,295,36359490,293.77,296.76,291.35
2022-02-11,295.04,39175620,303.19,304.29,294.22
2022-02-10,302.38,45386200,304.04,309.12,300.7
2022-02-09,311.21,31284670,309.865,311.93,307.39
2022-02-08,304.56,32421190,301.25,305.561,299.95
2022-02-07,300.95,28533290,306.17,307.84,299.9
2022-02-04,305.94,35096490,300.21,308.8,299.97
2022-02-03,301.25,43729970,309.49,311.23,299.96
2022-02-02,313.46,36635990,309.63,315.12,308.88
2022-02-01,308.76,40950400,310.41,310.63,305.1293
2022-01-31,310.98,46444540,308.95,312.38,306.37
2022-01-28,308.26,49743700,300.23,308.48,294.45
2022-01-27,299.84,53481320,302.66,307.3,297.93
2022-01-26,296.71,90428850,307.985,308.5,293.03
2022-01-25,288.49,72848640,291.52,294.99,285.17
2022-01-24,296.37,86035390,292.2,297.11,276.05
2022-01-21,296.03,57984400,302.685,304.11,295.61
2022-01-20,301.6,35380680,309.07,311.6494,301.14
2022-01-19,303.33,45933860,306.29,313.9093,302.7
2022-01-18,302.65,42434110,304.07,309.8,301.74
2022-01-14,310.2,39846410,304.25,310.82,303.75
2022-01-13,304.8,45365980,320.466,320.88,304
2022-01-12,318.27,34372220,319.67,323.41,317.08
2022-01-11,314.98,29386770,313.38,316.61,309.89
2022-01-10,314.27,44289470,309.485,314.72,304.69
2022-01-07,314.04,32720020,314.15,316.5,310.09
2022-01-06,313.88,39646150,313.15,318.7,311.49
2022-01-05,316.38,40054330,325.86,326.07,315.98
2022-01-04,329.01,32674310,334.83,335.2,326.12
2022-01-03,334.75,28918010,335.35,338,329.78
2021-12-31,336.32,18000800,338.51,339.355,335.85
2021-12-30,339.32,15994470,341.91,343.13,338.82
2021-12-29,341.95,15041960,341.3,344.3,339.68
2021-12-28,341.25,15661470,343.15,343.81,340.32
2021-12-27,342.45,19947030,335.46,342.48,335.43
2021-12-23,334.69,19617850,332.75,336.39,332.73
2021-12-22,333.2,24831490,328.3,333.605,325.75
2021-12-21,327.29,24740600,323.29,327.73,319.8
2021-12-20,319.91,28326530,320.05,322.8,317.57
2021-12-17,323.8,47983710,320.88,324.92,317.25
2021-12-16,324.9,35034830,335.71,336.76,323.02
2021-12-15,334.65,35381120,328.61,335.19,324.5
2021-12-14,328.34,44438700,333.22,334.64,324.11
2021-12-13,339.4,28899430,340.68,343.79,339.08
2021-12-10,342.54,38095690,334.98,343,334.79
2021-12-09,333.1,22214160,334.41,336.489,332.12
2021-12-08,334.97,24760990,335.31,335.5,330.8
2021-12-07,334.92,31021940,331.64,335.8,330.1
2021-12-06,326.19,30032560,323.95,327.45,319.23
2021-12-03,323.01,41779280,331.99,332.7,318.03
2021-12-02,329.49,30765980,330.3,333.49,327.8028
2021-12-01,330.08,33401150,335.13,339.28,329.39
2021-11-30,330.59,42885610,335.32,337.78,328.99
2021-11-29,336.63,28563480,334.94,339.03,334.74
2021-11-26,329.68,24217240,334.35,337.93,328.12
2021-11-24,337.91,21661310,336.28,338.16,333.911
2021-11-23,337.68,30427560,337.05,339.45,333.56
2021-11-22,339.83,31031110,344.62,349.67,339.55
2021-11-19,343.11,21963400,342.64,345.1,342.2
2021-11-18,341.27,22463530,338.18,342.45,337.12
2021-11-17,339.12,19053380,338.94,342.19,338
2021-11-16,339.51,20886830,335.68,340.67,335.51
2021-11-15,336.07,16723010,337.54,337.88,334.034
2021-11-12,336.72,23831050,333.92,337.23,333.79
2021-11-11,332.43,16849840,331.25,333.7746,330.51
2021-11-10,330.8,25500940,334.57,334.6303,329.92
2021-11-09,335.95,21307370,337.107,338.72,334.53
2021-11-08,336.99,20897000,337.3,337.65,334.44
2021-11-05,336.06,22570100,338.51,338.79,334.4217
2021-11-04,336.44,23992200,332.89,336.54,329.51
2021-11-03,334,21500080,333.9,334.9,330.65
2021-11-02,333.13,26487110,330.31,333.45,330
2021-11-01,329.37,27073180,331.355,331.49,326.37
2021-10-29,331.62,34765980,324.13,332,323.9
2021-10-28,324.35,26297940,324.325,324.87,321.3601
2021-10-27,323.17,52588690,316,326.0973,316
2021-10-26,310.11,28107350,311,312.395,308.5967
2021-10-25,308.13,17554470,309.36,309.4,306.46
2021-10-22,309.16,17449330,310.4,311.09,307.8
2021-10-21,310.76,16918100,307.17,311.02,306.36
2021-10-20,307.41,16537070,309.21,309.7,306.11
2021-10-19,308.23,17682140,308.348,309.3,307.22
2021-10-18,307.29,22729300,303.57,308.21,302.69
2021-10-15,304.21,25384800,302.34,304.45,300.5191
2021-10-14,302.75,27262900,299.21,303.27,297.83
2021-10-13,296.31,23424030,294.91,297.28,293.49
2021-10-12,292.88,17974140,295.34,295.44,292.35
2021-10-11,294.23,19298630,292.92,297.97,292.745
2021-10-08,294.85,17685700,296.219,296.6409,293.76
2021-10-07,294.85,20430470,295.175,296.64,293.92
2021-10-06,293.11,28002560,285.78,293.63,285.5093
2021-10-05,288.76,24993020,284.0464,290.398,284.0464
2021-10-04,283.11,31350750,287.4,287.75,280.25
2021-10-01,289.1,30086280,282.122,289.98,281.29
2021-09-30,281.92,32343640,285.71,287.83,281.62
2021-09-29,284,26353700,285.1,286.77,283.01
2021-09-28,283.52,43186240,289.795,290.78,282.75
2021-09-27,294.17,23571740,296.14,296.47,292.9449
2021-09-24,299.35,14998980,298.23,299.8,296.93
2021-09-23,299.56,18604600,298.845,300.9,297.5339
2021-09-22,298.58,26626340,296.725,300.22,294.51
2021-09-21,294.8,22364100,295.69,297.54,294.07
2021-09-20,294.3,38278660,296.33,298.72,289.52
2021-09-17,299.87,41372460,304.17,304.5,299.53
2021-09-16,305.22,19550820,303.76,305.31,300.76
2021-09-15,304.82,28356300,303.26,305.32,301.82
2021-09-14,299.79,21853430,299.56,301.39,298.1
2021-09-13,296.99,23652950,297.55,298.54,294.08
2021-09-10,295.71,19633360,298.415,299.92,295.38
2021-09-09,297.25,19927000,300.82,302.14,297
2021-09-08,300.21,15046820,299.78,300.61,297.4651
2021-09-07,300.18,17184080,301.005,301.09,298.2
2021-09-03,301.14,14751610,300.99,302.6,300.26
2021-09-02,301.15,16290550,302.2,303.3602,300.18
2021-09-01,301.83,18983830,302.865,305.19,301.49
2021-08-31,301.88,26285340,304.42,304.5,301.5
2021-08-30,303.59,16348070,301.115,304.22,301.06
2021-08-27,299.72,22605730,298.987,300.87,296.83
2021-08-26,299.09,17666080,300.99,302.429,298.95
2021-08-25,302.01,20006060,304.3,304.59,300.42
2021-08-24,302.62,18175770,305.02,305.65,302.0035
2021-08-23,304.65,22830160,303.245,305.4,301.85
2021-08-20,304.36,40817650,299.72,305.84,298.06
2021-08-19,296.77,29850460,288.694,297.47,288.64
2021-08-18,290.73,21812990,292.04,294.82,290.27
2021-08-17,293.08,20075250,292.39,293.43,291.08
2021-08-16,294.6,22516030,293.19,294.82,290.02
2021-08-13,292.85,18249050,289.48,292.9,289.3
2021-08-12,289.81,14570390,286.63,289.97,286.34
2021-08-11,286.95,13955930,287.21,288.66,285.86
2021-08-10,286.44,18616580,288.8,289.25,285.2
2021-08-09,288.33,16117630,289.75,291.55,287.81
2021-08-06,289.46,16589340,288.505,289.5,287.6238
2021-08-05,289.52,13900170,286.88,289.63,286.1
2021-08-04,286.51,16191300,286.22,287.5883,284.65
2021-08-03,287.12,17879050,285.42,287.23,284
2021-08-02,284.82,16267360,286.36,286.775,283.74
2021-07-30,284.91,20944850,285.17,286.66,283.91
2021-07-29,286.5,18168290,286.235,288.618,286.08
2021-07-28,286.22,33566850,288.99,290.15,283.8303
2021-07-27,286.54,33604070,289.43,289.575,282.95
2021-07-26,289.05,23176070,289,289.69,286.642
2021-07-23,289.67,22768070,287.37,289.99,286.5
2021-07-22,286.14,23384060,283.84,286.42,283.42
2021-07-21,281.4,24364320,278.905,281.52,277.29
2021-07-20,279.32,26259740,278.03,280.97,276.26
2021-07-19,277.01,32935630,278.934,280.37,274.45
2021-07-16,280.75,26186850,282.07,284.1,279.46
2021-07-15,281.03,22604230,282,282.51,279.83
2021-07-14,282.51,23113660,282.345,283.66,280.55
2021-07-13,280.98,26120130,277.52,282.8477,277.39
2021-07-12,277.32,18931700,279.157,279.77,276.58
2021-07-09,277.94,23916670,275.72,278.05,275.32
2021-07-08,277.42,24618590,276.9,278.73,274.87
2021-07-07,279.93,23260030,279.4,280.6945,277.15
2021-07-06,277.66,31565560,278.03,279.3698,274.3
2021-07-02,277.65,26474410,272.82,278,272.5
2021-07-01,271.6,16725320,269.61,271.84,269.6
2021-06-30,270.9,21656460,270.69,271.3598,269.6043
2021-06-29,271.4,19937810,268.865,271.65,267.98
2021-06-28,268.72,19590020,266.185,268.9,265.91
2021-06-25,265.02,25611110,266.23,267.25,264.76
2021-06-24,266.69,21446870,266.16,267.85,265.47
2021-06-23,265.275,19518680,265.99,266.83,264.43
2021-06-22,265.51,24694090,262.72,265.79,262.4
2021-06-21,262.63,26696120,259.82,263.52,257.92
2021-06-18,259.43,37202220,259.63,262.3,258.75
2021-06-17,260.9,27565540,256.065,261.75,256.01
2021-06-16,257.38,27219960,259.4,260.58,254.42
2021-06-15,258.36,18038930,259.775,259.99,257.68
2021-06-14,259.89,19150510,257.9,259.95,256.8
2021-06-11,257.89,18999730,257.985,258.4868,256.61
2021-06-10,257.24,24563620,254.29,257.46,253.67
2021-06-09,253.59,17937630,253.81,255.53,253.21
2021-06-08,252.57,22455000,255.16,256.01,252.51
2021-06-07,253.81,23079170,249.98,254.09,249.81
2021-06-04,250.79,25281090,247.76,251.65,247.51
2021-06-03,245.71,25307710,245.22,246.34,243
2021-06-02,247.3,19406710,248.125,249.27,245.84
2021-06-01,247.4,23213310,251.23,251.29,246.96
2021-05-28,249.68,18274940,250.995,252.08,249.56
2021-05-27,249.31,24426240,251.17,251.48,249.25
2021-05-26,251.49,17771600,251.43,252.94,250.75
2021-05-25,251.72,17704300,251.769,252.75,250.82
2021-05-24,250.78,21411550,247.785,251.16,247.51
2021-05-21,245.17,21863060,247.565,248.33,244.74
2021-05-20,246.48,21800720,243.96,247.95,243.86
2021-05-19,243.12,25739810,239.31,243.23,238.6
2021-05-18,243.08,20167980,246.27,246.41,242.9
2021-05-17,245.18,24938180,246.55,246.59,243.52
2021-05-14,248.15,23901080,245.575,249.18,245.49
2021-05-13,243.03,29624300,241.8,245.6,241.42
2021-05-12,239,36684370,242.165,244.38,238.07
2021-05-11,246.23,33641590,244.55,246.6,242.57
2021-05-10,247.18,29299890,250.87,251.73,247.12
2021-05-07,252.46,27032910,252.15,254.3,251.17
2021-05-06,249.73,26491090,246.45,249.86,244.69
2021-05-05,246.47,21901330,249.06,249.5,245.82
2021-05-04,247.79,32756050,250.97,251.21,245.76
2021-05-03,251.86,19626570,253.4,254.35,251.12
2021-04-30,252.18,30945100,249.74,253.08,249.6
2021-04-29,252.51,40589020,255.46,256.1,249
2021-04-28,254.56,46903120,256.078,256.5399,252.95
2021-04-27,261.97,31014210,261.585,263.19,260.12
2021-04-26,261.55,19763350,261.66,262.435,260.17
2021-04-23,261.15,21499290,257.88,261.51,257.27
2021-04-22,257.17,25606150,260.21,261.78,255.64
2021-04-21,260.58,24030380,258.94,260.68,257.25
2021-04-20,258.26,19722880,257.82,260.2,256.84
2021-04-19,258.74,23209260,260.19,261.48,257.821
2021-04-16,260.74,24878580,259.47,261,257.6014
2021-04-15,259.5,25627480,257.931,259.93,257.73
2021-04-14,255.59,23070940,257.475,258.83,255.16
2021-04-13,258.49,23837470,257.257,259.19,256.83
2021-04-12,255.91,27148670,254.71,257.67,254.62
2021-04-09,255.85,24326830,252.87,255.99,252.44
2021-04-08,253.25,23625200,252.77,254.139,252
2021-04-07,249.9,22719840,247.81,250.93,247.19
2021-04-06,247.86,22931920,247.61,249.4,246.88
2021-04-05,249.07,36910610,242.76,249.96,242.7
2021-04-01,242.35,30337980,238.47,242.84,238.0501
2021-03-31,235.77,43623470,232.91,239.1,232.39
2021-03-30,231.85,24792010,233.525,233.85,231.1
2021-03-29,235.24,25227460,236.59,236.8,231.88
2021-03-26,236.48,25479850,231.55,236.71,231.55
2021-03-25,232.34,34061850,235.3,236.94,231.57
2021-03-24,235.46,25620130,237.845,238,235.32
2021-03-23,237.58,31638380,237.485,241.05,237.07
2021-03-22,235.99,30127010,230.27,236.9,230.14
2021-03-19,230.35,46430730,231.02,232.474,229.3496
2021-03-18,230.72,34852250,232.56,234.19,230.33
2021-03-17,237.04,29562100,236.15,238.55,233.23
2021-03-16,237.71,28092200,236.28,240.055,235.94
2021-03-15,234.81,26042670,234.96,235.185,231.81
2021-03-12,235.75,22653660,234.01,235.82,233.23
2021-03-11,237.13,29907590,234.96,239.17,234.31
2021-03-10,232.42,29746810,237,237,232.04
2021-03-09,233.78,33080530,232.88,235.3839,231.67
2021-03-08,227.39,35267440,231.37,233.365,227.13
2021-03-05,231.6,41872770,229.517,233.27,226.46
2021-03-04,226.73,44727790,226.735,232.49,224.26
2021-03-03,227.56,34029530,232.155,233.5799,227.26
2021-03-02,233.87,22812460,237.01,237.3,233.45
2021-03-01,236.94,25332840,235.9,237.47,233.15
2021-02-26,232.38,37819230,231.525,235.37,229.54
2021-02-25,228.99,39542240,232.08,234.5852,227.88
2021-02-24,234.55,26339750,230.01,235.2,229
2021-02-23,233.27,30228700,230.325,234.83,228.73
2021-02-22,234.51,36446940,237.42,237.93,232.4
2021-02-19,240.97,25262600,243.75,243.86,240.18
2021-02-18,243.79,16925560,241.8,243.93,240.86
2021-02-17,244.2,21673110,241.32,244.31,240.94
2021-02-16,243.7,26728490,245.03,246.13,242.92
2021-02-12,244.99,16561080,243.933,245.3,242.73
2021-02-11,244.49,15751060,244.78,245.15,242.15
2021-02-10,242.82,22186710,245,245.92,240.89
2021-02-09,243.77,23564950,241.87,244.76,241.38
2021-02-08,242.47,22211930,243.15,243.68,240.81
2021-02-05,242.2,18054750,242.23,243.28,240.42
2021-02-04,242.01,25296100,242.66,243.2399,240.37
2021-02-03,243,27158100,239.57,245.09,239.26
2021-02-02,239.51,25916340,241.3,242.31,238.69
2021-02-01,239.65,33314190,235.06,242.5,232.43
2021-01-29,231.96,42503140,235.99,238.02,231.35
2021-01-28,238.93,49111160,235.61,242.64,235.09
2021-01-27,232.9,69870640,238,240.44,230.14
2021-01-26,232.33,49169600,231.86,234.18,230.08
2021-01-25,229.53,33152100,229.12,229.78,224.22
2021-01-22,225.95,30172660,227.08,230.07,225.8
2021-01-21,224.97,30749550,224.7,226.3,222.42
2021-01-20,224.34,37777260,217.7,225.79,217.2908
2021-01-19,216.44,30480860,213.75,216.98,212.63
2021-01-15,212.65,31746510,213.52,214.51,212.03
2021-01-14,213.02,29346740,215.91,217.46,212.74
2021-01-13,216.34,20087080,214.02,216.76,213.9266
2021-01-12,214.93,23249340,216.5,217.1,213.3202
2021-01-11,217.49,23047030,218.47,218.91,216.73
2021-01-08,219.62,22956210,218.68,220.58,217.0261
2021-01-07,218.29,27694480,214.04,219.34,213.71
2021-01-06,212.25,35930650,212.17,216.4899,211.94
2021-01-05,217.9,23822950,217.26,218.52,215.7
2021-01-04,217.69,37130140,222.53,223,214.81
2020-12-31,222.42,20942130,221.7,223,219.68
2020-12-30,221.68,20272340,225.23,225.63,221.47
2020-12-29,224.15,17403210,226.31,227.18,223.58
2020-12-28,224.96,17933500,224.45,226.03,223.02
2020-12-24,222.75,10550570,221.42,223.61,221.2
2020-12-23,221.02,18699640,223.11,223.5589,220.8
2020-12-22,223.94,22643400,222.69,225.63,221.85
2020-12-21,222.59,37181890,217.55,224,217.2801
2020-12-18,218.59,63354920,218.59,219.69,216.02
2020-12-17,219.42,32515780,219.87,220.89,217.92
2020-12-16,219.28,35023250,214.75,220.11,214.72
2020-12-15,214.13,27018110,215.165,215.42,212.24
2020-12-14,214.2,28798380,213.1,216.21,212.88
2020-12-11,213.26,30979440,210.05,213.32,209.11
2020-12-10,210.52,26467020,211.77,213.08,210.36
2020-12-09,211.8,32440600,215.16,215.225,211.214
2020-12-08,216.01,23284090,213.97,216.95,212.89
2020-12-07,214.29,24620000,214.37,215.54,212.99
2020-12-04,214.36,24666040,214.22,215.38,213.18
2020-12-03,214.24,25120920,214.61,216.3757,213.65
2020-12-02,215.37,23724510,214.88,215.47,212.8
2020-12-01,216.21,30931320,214.51,217.32,213.35
2020-11-30,214.07,33064750,214.1,214.76,210.835
2020-11-27,215.23,14512210,214.85,216.27,214.04
2020-11-25,213.87,21012890,215.11,215.29,212.46
2020-11-24,213.86,33979730,209.59,214.25,208.86
2020-11-23,210.11,25683510,210.95,212.29,208.16
2020-11-20,210.39,22843120,212.2,213.285,210
2020-11-19,212.42,24792750,211.38,213.03,209.93
2020-11-18,211.08,28372790,213.65,215.17,210.93
2020-11-17,214.46,24154110,216.1,217.68,214.08
2020-11-16,217.23,24953340,214.87,217.74,214.52
2020-11-13,216.51,18630310,216.36,217.42,214.16
2020-11-12,215.44,21616120,217.21,219.11,214.46
2020-11-11,216.55,29440790,212.39,218.04,212.2
2020-11-10,211.01,44045120,214.5,216.5,209.72
2020-11-09,218.39,44394950,224.435,228.12,217.88
2020-11-06,223.72,25231900,222.26,224.36,218.03
2020-11-05,223.29,36080140,222.04,224.12,221.15
2020-11-04,216.39,42311780,214.02,218.32,212.4185
2020-11-03,206.43,27512030,203.89,208.12,203.12
2020-11-02,202.33,30842160,204.29,205.28,200.12
2020-10-30,202.47,36980110,203.5,204.29,199.62
2020-10-29,204.72,31432560,204.07,207.36,203.37
2020-10-28,202.68,51195590,207.67,208.84,202.1
2020-10-27,213.25,36700330,211.59,214.67,210.329
2020-10-26,210.08,37111560,213.85,216.3399,208.1
2020-10-23,216.23,18879610,215.03,216.28,213.16
2020-10-22,214.89,22351450,213.93,216.055,211.7
2020-10-21,214.8,22724910,213.12,216.92,213.12
2020-10-20,214.65,22753510,215.8,217.37,213.0901
2020-10-19,214.22,27625840,220.415,222.3,213.72
2020-10-16,219.66,26057880,220.15,222.29,219.32
2020-10-15,219.66,22733060,217.1,220.36,216.01
2020-10-14,220.86,23451710,223,224.22,219.13
2020-10-13,222.86,28950840,222.72,225.21,220.43
2020-10-12,221.4,40461370,218.79,223.86,216.81
2020-10-09,215.81,26458050,211.23,215.86,211.23
2020-10-08,210.58,19925840,210.51,211.19,208.32
2020-10-07,209.83,25681050,207.06,210.11,206.72
2020-10-06,205.91,28554260,208.82,210.18,204.82
2020-10-05,210.38,21331560,207.22,210.41,206.98
2020-10-02,206.19,33154780,208,210.99,205.54
2020-10-01,212.46,27158420,213.49,213.99,211.32
2020-09-30,210.33,33829090,207.73,211.98,206.54
2020-09-29,207.26,24464470,209.35,210.07,206.81
2020-09-28,209.44,32004940,210.88,212.57,208.06
2020-09-25,207.82,29437310,203.55,209.04,202.54
2020-09-24,203.19,31202490,199.85,205.57,199.2
2020-09-23,200.59,30803780,207.9,208.1,200.03
2020-09-22,207.42,33517070,205.06,208.1,202.075
2020-09-21,202.54,39839660,197.19,202.71,196.38
2020-09-18,200.39,55225330,202.8,203.65,196.25
2020-09-17,202.91,34011260,200.05,204.33,199.96
2020-09-16,205.05,26372460,210.62,210.65,204.64
2020-09-15,208.78,21823940,208.42,209.78,206.93
2020-09-14,205.41,30375770,204.24,209.2,204.03
2020-09-11,204.03,33620070,207.2,208.63,201.24
2020-09-10,205.37,35461510,213.4,214.74,204.11
2020-09-09,211.29,45678990,207.6,214.8399,206.7
2020-09-08,202.66,52924330,206.5,210.03,202.2
2020-09-04,214.25,59664070,215.1,218.3599,205.19
2020-09-03,217.3,58400290,229.27,229.31,214.9602
2020-09-02,231.65,34080840,227.97,232.86,227.35
2020-09-01,227.27,25791240,225.51,227.45,224.43
2020-08-31,225.53,28774160,227,228.7,224.31
2020-08-28,228.91,26292900,228.18,230.644,226.58
2020-08-27,226.58,57602200,222.89,231.15,219.4
2020-08-26,221.15,39600830,217.88,222.09,217.36
2020-08-25,216.47,23043700,213.1,216.61,213.1
2020-08-24,213.69,25460150,214.79,215.52,212.43
2020-08-21,213.02,36249320,213.86,216.25,212.85
2020-08-20,214.58,26981480,209.54,215,208.91
2020-08-19,209.7,27627560,211.49,212.1,209.25
2020-08-18,211.49,21336170,210.53,212.36,209.21
2020-08-17,210.28,20184760,209.6,211.1874,208.915
2020-08-14,208.9,17958940,208.76,209.59,207.51
2020-08-13,208.7,22588870,209.44,211.35,208.15
2020-08-12,209.19,28041360,205.29,210.28,204.75
2020-08-11,203.38,36446460,207.155,207.65,203.14
2020-08-10,208.25,36716460,211.67,211.88,206.35
2020-08-07,212.48,27820420,214.85,215.7,210.93
2020-08-06,216.35,32656840,212.34,216.3705,211.55
2020-08-05,212.94,28858620,214.9,215,211.57
2020-08-04,213.29,49280060,214.17,214.77,210.31
2020-08-03,216.54,78983010,211.52,217.64,210.44
2020-07-31,205.01,51247970,204.4,205.1,199.01
2020-07-30,203.9,25079600,201,204.46,199.57
2020-07-29,204.06,19632600,202.5,204.65,202.01
2020-07-28,202.02,23251390,203.61,204.7,201.74
2020-07-27,203.85,30160870,201.47,203.97,200.86
2020-07-24,201.3,39826990,200.42,202.86,197.51
2020-07-23,202.54,67457040,207.19,210.92,202.15
2020-07-22,211.75,49605690,209.2,212.3,208.39
2020-07-21,208.75,38105780,213.66,213.94,208.03
2020-07-20,211.6,36884840,205,212.3,203.01
2020-07-17,202.88,31635280,204.47,205.04,201.39
2020-07-16,203.92,29940650,205.4,205.7,202.31
2020-07-15,208.04,32179410,209.56,211.33,205.03
2020-07-14,208.35,37591820,206.13,208.85,202.03
2020-07-13,207.07,38135610,214.48,215.8,206.5
2020-07-10,213.67,26177630,213.62,214.08,211.08
2020-07-09,214.32,33121680,216.33,216.38,211.47
2020-07-08,212.83,33600030,210.07,213.26,208.69
2020-07-07,208.25,33600730,210.45,214.67,207.99
2020-07-06,210.7,31897630,208.834,211.13,208.09
2020-07-02,206.26,29315760,205.68,208.02,205
2020-07-01,204.7,32061210,203.14,206.35,201.77
2020-06-30,203.51,34310280,197.882,204.4,197.74
2020-06-29,198.44,26701590,195.78,198.53,193.55
2020-06-26,196.33,54675780,199.73,199.89,194.88
2020-06-25,200.34,27803930,197.8,200.61,195.4675
2020-06-24,197.84,36740650,201.604,203.25,196.56
2020-06-23,201.91,30917450,202.09,203.95,201.425
2020-06-22,200.57,32818930,195.79,200.76,195.2301
2020-06-19,195.15,44441140,198.59,199.29,194.37
2020-06-18,196.32,23061650,194,196.49,194
2020-06-17,194.24,25687820,195.03,196.32,193.69
2020-06-16,193.57,42556660,192.89,195.58,191.46
2020-06-15,188.94,32770190,184.58,190.82,184.01
2020-06-12,187.74,43373590,190.54,191.72,185.18
2020-06-11,186.27,52854670,193.13,195.76,186.07
2020-06-10,196.84,43872330,191.125,198.52,191.01
2020-06-09,189.8,29783920,188,190.7,187.2605
2020-06-08,188.36,33211590,185.94,188.55,184.44
2020-06-05,187.2,39893640,182.62,187.73,182.01
2020-06-04,182.92,28761810,184.3,185.84,182.3
2020-06-03,185.36,27311020,184.815,185.94,183.58
2020-06-02,184.91,30794590,184.25,185,181.35
2020-06-01,182.83,22668820,182.54,183,181.46
2020-05-29,183.25,42146720,182.73,184.27,180.41
2020-05-28,181.4,33831820,180.74,184.1474,180.38
2020-05-27,181.81,39517150,180.2,181.9877,176.6
2020-05-26,181.57,36073610,186.34,186.5,181.1
2020-05-22,183.51,20826900,183.19,184.46,182.54
2020-05-21,183.43,29119510,185.4,186.67,183.29